2001:41d0:305:2100::87d3,ddos,2025-12-17T00:48:23Z
2001:4451:b4b:ea00:e490:be99:1f66:c44e,brute force,2025-12-17T01:11:27Z
2603:3:6101:4620::,ddos,2025-12-17T00:48:23Z
2604:a00:50:d3:216:3eff:fe31:4cf5,ddos,2025-12-17T01:07:12Z
2607:5300:205:200::4407,ddos,2025-12-17T00:48:23Z
2a01:4f8:13a:25d5::2,ddos,2025-12-17T00:48:23Z
2a01:4f8:1c1a:3d25::1,ddos,2025-12-17T00:48:23Z
2a02:c207:2259:4377::1,ddos,2025-12-17T00:48:23Z
2a02:c207:2295:5595::1,ddos,2025-12-17T00:48:23Z
2a03:6f01:1:2::1:1226,ddos,2025-12-17T00:48:23Z
